,Date_time,original_value,1,2,3,4,5,6,7,8,predicted_value,total_difference,percentage_difference
0,2016-07-12 03:00:00,0.5310347069828079,0.9130434782608695,0.8076923076923077,0.8275862068965518,0.9230769230769231,0.6756756756756757,0.6081081081081079,0.0625,0.39583333333333326,0.5631279945373535,0.03209328755454566,6.043538611043115
1,2016-07-12 04:00:00,0.5896592476755231,0.8695652173913043,0.7692307692307693,0.7931034482758621,0.8846153846153847,0.6216216216216217,0.6081081081081079,0.0625,0.45833333333333326,0.6032583713531494,0.01359912367762628,2.306268193237866
2,2016-07-12 05:00:00,0.5792936408912261,0.8695652173913043,0.7692307692307693,0.7931034482758621,0.8846153846153847,0.5405405405405406,0.6081081081081079,0.0,0.5208333333333333,0.5845521092414856,0.005258468350259449,0.9077379724330221
3,2016-07-12 06:00:00,0.5379243988454734,0.826086956521739,0.7307692307692307,0.7586206896551724,0.8461538461538461,0.4594594594594595,0.6081081081081079,0.0,0.6041666666666665,0.5371292233467102,0.0007951754987631787,0.14782290977502296
4,2016-07-12 07:00:00,0.4448203225559783,0.7826086956521738,0.6923076923076923,0.6896551724137931,0.7692307692307693,0.4594594594594595,0.6081081081081079,0.0,0.6666666666666665,0.44477763772010803,4.268483587027694e-05,0.00959597250975539
5,2016-07-12 08:00:00,0.3344609252745392,0.7391304347826086,0.6538461538461539,0.6551724137931034,0.7307692307692308,0.4594594594594595,0.6081081081081079,0.0625,0.75,0.34196406602859497,0.0075031407540557815,2.24335346435369
6,2016-07-12 09:00:00,0.22071876992132905,0.6956521739130435,0.6153846153846154,0.5862068965517242,0.6538461538461539,0.4594594594594595,0.6081081081081079,0.0625,0.8125,0.22970323264598846,0.008984462724659414,4.070547660202054
7,2016-07-12 10:00:00,0.18617713979252754,0.6521739130434783,0.576923076923077,0.5862068965517242,0.6538461538461539,0.4594594594594595,0.6081081081081079,0.0625,0.7916666666666665,0.20143628120422363,0.015259141411696098,8.196033857164533
8,2016-07-12 11:00:00,0.0896282071750763,0.6521739130434783,0.576923076923077,0.5862068965517242,0.6538461538461539,0.4594594594594595,0.6081081081081079,0.0,0.7916666666666665,0.11253438889980316,0.02290618172472686,25.556889339516527
9,2016-07-12 12:00:00,0.058562469933271355,0.6521739130434783,0.576923076923077,0.5862068965517242,0.6538461538461539,0.4594594594594595,0.6081081081081079,0.0,0.7708333333333333,0.08712804317474365,0.028565573241472297,48.77795160282885
10,2016-07-12 13:00:00,0.04133821467298271,0.6521739130434783,0.576923076923077,0.5862068965517242,0.6538461538461539,0.5405405405405406,0.6081081081081079,0.0,0.75,0.07432612776756287,0.03298791309458016,79.8000430244511
11,2016-07-12 14:00:00,0.05167276720846195,0.6521739130434783,0.576923076923077,0.5862068965517242,0.6538461538461539,0.6216216216216217,0.6081081081081079,0.0,0.75,0.08383741974830627,0.032164652539844324,62.246816413147364
12,2016-07-12 15:00:00,0.0551176163984379,0.6521739130434783,0.576923076923077,0.5862068965517242,0.6538461538461539,0.6756756756756757,0.6081081081081079,0.0,0.75,0.08714977651834488,0.03203216011990698,58.11601120112082
13,2016-07-12 16:00:00,0.08621438988893623,0.6521739130434783,0.6153846153846154,0.5862068965517242,0.6538461538461539,0.6486486486486487,0.6081081081081079,0.0,0.75,0.11699090152978897,0.03077651164085274,35.69765056680201
14,2016-07-12 17:00:00,0.1827322977405319,0.6956521739130435,0.6153846153846154,0.5862068965517242,0.6538461538461539,0.6486486486486487,0.6081081081081079,0.0,0.7708333333333333,0.19896231591701508,0.016230018176483174,8.881855247904099
15,2016-07-12 18:00:00,0.3517162245421955,0.6956521739130435,0.6153846153846154,0.5862068965517242,0.6538461538461539,0.6216216216216217,0.6081081081081079,0.0,0.7708333333333333,0.34943315386772156,0.0022830706744739193,0.6491229335370109
16,2016-07-12 19:00:00,0.5448141198807541,0.6956521739130435,0.6153846153846154,0.5862068965517242,0.6538461538461539,0.6486486486486487,0.6081081081081079,0.0,0.7916666666666665,0.5178826451301575,0.02693147475059665,4.94324096381556
17,2016-07-12 20:00:00,0.4861895500154236,0.6956521739130435,0.6153846153846154,0.5862068965517242,0.6538461538461539,0.6756756756756757,0.6081081081081079,0.0,0.8125,0.46664196252822876,0.019547587487194817,4.02056923818595
18,2016-07-12 21:00:00,0.54136925206996,0.6956521739130435,0.6153846153846154,0.5862068965517242,0.6538461538461539,0.7027027027027029,0.6081081081081079,0.0,0.8333333333333333,0.5146686434745789,0.026700608595381148,4.932051181940914
19,2016-07-12 22:00:00,0.43445474494429664,0.7391304347826086,0.6538461538461539,0.6206896551724137,0.6923076923076924,0.7027027027027029,0.6081081081081079,0.0,0.7708333333333333,0.42864498496055603,0.005809759983740614,1.3372532010176363
20,2016-07-12 23:00:00,0.4137545859348674,0.7826086956521738,0.6923076923076923,0.6896551724137931,0.7692307692307693,0.6756756756756757,0.6081081081081079,0.0,0.6875,0.42267289757728577,0.008918311642418353,2.15545928566995
21,2016-07-13 00:00:00,0.4068648866238747,0.826086956521739,0.7307692307692307,0.7586206896551724,0.8461538461538461,0.6486486486486487,0.6081081081081079,0.0,0.6041666666666665,0.4289253056049347,0.02206041898105998,5.42205034307954
22,2016-07-13 01:00:00,0.4620756066166332,0.826086956521739,0.7307692307692307,0.7586206896551724,0.8461538461538461,0.6756756756756757,0.6081081081081079,0.0,0.5625,0.48115959763526917,0.01908399101863595,4.130058099879143
23,2016-07-13 02:00:00,0.4861895646017312,0.826086956521739,0.7307692307692307,0.7586206896551724,0.8461538461538461,0.7027027027027029,0.6081081081081079,0.0625,0.5416666666666665,0.5082569122314453,0.02206734762971413,4.538836132320301
24,2016-07-13 03:00:00,0.4172304788218641,0.8695652173913043,0.7692307692307693,0.7931034482758621,0.8846153846153847,0.7027027027027029,0.6081081081081079,0.125,0.5,0.4580932855606079,0.04086280673874382,9.793821116359558
25,2016-07-13 04:00:00,0.517224261560332,0.826086956521739,0.7307692307692307,0.7586206896551724,0.8461538461538461,0.6756756756756757,0.6081081081081079,0.0625,0.5,0.5363844633102417,0.019160201749909733,3.7044282671714504
26,2016-07-13 05:00:00,0.5689590958040742,0.7826086956521738,0.6923076923076923,0.7241379310344827,0.8076923076923077,0.6486486486486487,0.6081081081081079,0.0,0.5,0.5705301761627197,0.0015710803586455047,0.27613239163093006
27,2016-07-13 06:00:00,0.5137794229221531,0.7826086956521738,0.6923076923076923,0.7241379310344827,0.8076923076923077,0.5945945945945947,0.6081081081081079,0.0,0.5,0.5216720104217529,0.007892587499599868,1.5361820943918454
28,2016-07-13 07:00:00,0.4068648866238747,0.7391304347826086,0.6538461538461539,0.6551724137931034,0.7307692307692308,0.5405405405405406,0.6081081081081079,0.0,0.6041666666666665,0.4141720235347748,0.0073071369109000694,1.795961546727215
29,2016-07-13 08:00:00,0.3724163689653171,0.6956521739130435,0.6153846153846154,0.6206896551724137,0.6923076923076924,0.48648648648648657,0.6081081081081079,0.0,0.6875,0.37362781167030334,0.001211442704986243,0.3252925504730067
30,2016-07-13 09:00:00,0.31376078829974485,0.608695652173913,0.5384615384615384,0.5517241379310345,0.6153846153846154,0.43243243243243246,0.6081081081081079,0.0,0.7916666666666665,0.3073030710220337,0.006457717277711161,2.0581658124666347
31,2016-07-13 10:00:00,0.18965303298987113,0.608695652173913,0.5384615384615384,0.5172413793103448,0.576923076923077,0.40540540540540543,0.6081081081081079,0.0,0.8333333333333333,0.19241797924041748,0.002764946250546352,1.4578971962415284
32,2016-07-13 11:00:00,0.1310284963316665,0.5652173913043478,0.5,0.5172413793103448,0.576923076923077,0.35135135135135137,0.6081081081081079,0.0,0.875,0.13725660741329193,0.006228111081625437,4.75324929766461
33,2016-07-13 12:00:00,0.09657997836276197,0.5652173913043478,0.5,0.4827586206896552,0.5384615384615385,0.32432432432432434,0.6081081081081079,0.0,0.9166666666666665,0.1005401760339737,0.003960197671211724,4.100433380029255
34,2016-07-13 13:00:00,0.07929365091543342,0.5217391304347826,0.46153846153846156,0.4827586206896552,0.5384615384615385,0.2972972972972973,0.6081081081081079,0.0,0.9375,0.08412245661020279,0.0048288056947693725,6.089775964432874
35,2016-07-13 14:00:00,0.08621438988893623,0.5217391304347826,0.46153846153846156,0.4482758620689655,0.5,0.2972972972972973,0.6081081081081079,0.0,0.9375,0.08829186111688614,0.0020774712279499064,2.4096571704864607
36,2016-07-13 15:00:00,0.10002483593210604,0.4782608695652174,0.42307692307692313,0.4482758620689655,0.5,0.2702702702702703,0.6081081081081079,0.0,0.9375,0.10115673393011093,0.0011318979980048938,1.1316169503873952
37,2016-07-13 16:00:00,0.11035938443307472,0.5217391304347826,0.46153846153846156,0.4827586206896552,0.5384615384615385,0.2702702702702703,0.6081081081081079,0.0,0.8541666666666665,0.11983251571655273,0.009473131283478015,8.583892826280495
38,2016-07-13 17:00:00,0.2068772916639764,0.5652173913043478,0.5,0.4827586206896552,0.5384615384615385,0.2702702702702703,0.6081081081081079,0.0,0.7708333333333333,0.20958693325519562,0.002709641591219225,1.309782030412696
39,2016-07-13 18:00:00,0.43793060896902486,0.5652173913043478,0.5,0.5172413793103448,0.576923076923077,0.2702702702702703,0.6081081081081079,0.0,0.6875,0.4114064872264862,0.026524121742538653,6.05669510176091
40,2016-07-13 19:00:00,0.6620632158524922,0.608695652173913,0.5384615384615384,0.5862068965517242,0.6538461538461539,0.2702702702702703,0.6081081081081079,0.0,0.5625,0.605026364326477,0.05703685152601512,8.615015932062134
41,2016-07-13 20:00:00,0.5896282151509935,0.6521739130434783,0.6153846153846154,0.6206896551724137,0.6923076923076924,0.2972972972972973,0.6081081081081079,0.0,0.4375,0.5615818500518799,0.028046365099113624,4.756618556988736
42,2016-07-13 21:00:00,0.49999999543789947,0.7391304347826086,0.6538461538461539,0.6896551724137931,0.7692307692307693,0.2972972972972973,0.6081081081081079,0.0,0.3125,0.5027415156364441,0.0027415201985446225,0.5483040447117609
43,2016-07-13 22:00:00,0.47241015170378525,0.7391304347826086,0.6538461538461539,0.6896551724137931,0.7692307692307693,0.2702702702702703,0.6081081081081079,0.0,0.2916666666666665,0.4806175231933594,0.008207371489574122,1.7373402032055358
44,2016-07-13 23:00:00,0.4655204598411197,0.7391304347826086,0.6538461538461539,0.6896551724137931,0.7692307692307693,0.24324324324324326,0.6081081081081079,0.0,0.25,0.4760412573814392,0.010520797540319482,2.2600075502396155
45,2016-07-14 00:00:00,0.43445471577168154,0.7826086956521738,0.6923076923076923,0.7241379310344827,0.8076923076923077,0.21621621621621623,0.6081081081081079,0.0,0.22916666666666652,0.4557299315929413,0.02127521582125974,4.8969927241946385
46,2016-07-14 01:00:00,0.4068648866238748,0.7826086956521738,0.6923076923076923,0.7241379310344827,0.8076923076923077,0.1891891891891892,0.6081081081081079,0.0,0.25,0.4316580593585968,0.02479317273472198,6.093711585792844
47,2016-07-14 02:00:00,0.42753397679817856,0.7826086956521738,0.6923076923076923,0.7241379310344827,0.8076923076923077,0.16216216216216217,0.6081081081081079,0.0,0.27083333333333326,0.44625988602638245,0.018725909228203885,4.3799815323317866
48,2016-07-14 03:00:00,0.5310036598719705,0.7826086956521738,0.6923076923076923,0.7241379310344827,0.8076923076923077,0.13513513513513514,0.6081081081081079,0.0,0.2916666666666665,0.5265789031982422,0.004424756673728325,0.8332817658535859
49,2016-07-14 04:00:00,0.54136925206996,0.7391304347826086,0.6538461538461539,0.6896551724137931,0.7692307692307693,0.08108108108108109,0.6081081081081079,0.0,0.375,0.5244354605674744,0.01693379150248564,3.1279559076800543
50,2016-07-14 05:00:00,0.5827695412265503,0.7391304347826086,0.6538461538461539,0.6896551724137931,0.7692307692307693,0.05405405405405406,0.6081081081081079,0.0,0.4375,0.5536544322967529,0.029115108929797406,4.995990159080564
51,2016-07-14 06:00:00,0.5758488022530472,0.6956521739130435,0.6538461538461539,0.6896551724137931,0.7692307692307693,0.02702702702702703,0.6081081081081079,0.0,0.5,0.5464730858802795,0.029375716372767702,5.101289827786952
52,2016-07-14 07:00:00,0.4965241242751908,0.6521739130434783,0.576923076923077,0.6551724137931034,0.7307692307692308,0.02702702702702703,0.6081081081081079,0.0,0.6041666666666665,0.471315860748291,0.02520826352689981,5.076946374699917
53,2016-07-14 08:00:00,0.3861957598286283,0.608695652173913,0.5384615384615384,0.5862068965517242,0.6538461538461539,0.05405405405405406,0.6081081081081079,0.1875,0.7083333333333333,0.3775935471057892,0.00860221272283912,2.2274228817676023
54,2016-07-14 09:00:00,0.29650548965278245,0.5652173913043478,0.5,0.5517241379310345,0.6153846153846154,0.05405405405405406,0.6081081081081079,0.25,0.8125,0.294432133436203,0.0020733562165794472,0.6992640234106339
55,2016-07-14 10:00:00,0.22757742894911775,0.5217391304347826,0.46153846153846156,0.5172413793103448,0.576923076923077,0.13513513513513514,0.6081081081081079,0.125,0.8333333333333333,0.22818966209888458,0.0006122331497668276,0.2690219116166006
56,2016-07-14 11:00:00,0.1344733458319894,0.5217391304347826,0.46153846153846156,0.4827586206896552,0.5384615384615385,0.1891891891891892,0.6081081081081079,0.0,0.8541666666666665,0.14007768034934998,0.005604334517360587,4.167617368844698
57,2016-07-14 12:00:00,0.11035938443307466,0.4782608695652174,0.42307692307692313,0.4482758620689655,0.5,0.24324324324324326,0.9324324324324322,0.0,0.875,0.11235462129116058,0.0019952368580859192,1.8079448959738378
58,2016-07-14 13:00:00,0.10002482786308489,0.4782608695652174,0.42307692307692313,0.41379310344827586,0.46153846153846156,0.2702702702702703,0.9324324324324322,0.0,0.875,0.10161032527685165,0.0015854974137667621,1.5851038663490715
59,2016-07-14 14:00:00,0.0896902753276056,0.4347826086956521,0.3846153846153846,0.3793103448275862,0.42307692307692313,0.2702702702702703,0.9324324324324322,0.0,0.8958333333333333,0.08962195366621017,6.832166139542073e-05,0.07617510498865883
60,2016-07-14 15:00:00,0.07581776547676405,0.4347826086956521,0.3846153846153846,0.3793103448275862,0.42307692307692313,0.2972972972972973,0.9324324324324322,0.0,0.8958333333333333,0.07772969454526901,0.0019119290685049584,2.521742834917641
61,2016-07-14 16:00:00,0.11724909088204771,0.4347826086956521,0.3846153846153846,0.3793103448275862,0.42307692307692313,0.2972972972972973,0.9324324324324322,0.0,0.8541666666666665,0.11769019067287445,0.0004410997908267378,0.37620742942090957
62,2016-07-14 17:00:00,0.22410155126912262,0.4782608695652174,0.42307692307692313,0.41379310344827586,0.46153846153846156,0.2972972972972973,0.9324324324324322,0.0,0.8333333333333333,0.21247558295726776,0.011625968311854862,5.187812510005022
63,2016-07-14 18:00:00,0.48622059712626103,0.5217391304347826,0.46153846153846156,0.4482758620689655,0.5,0.2972972972972973,0.9324324324324322,0.0,0.7916666666666665,0.4397309124469757,0.046489684679285326,9.561438769574163
64,2016-07-14 19:00:00,0.651728641592725,0.5652173913043478,0.5,0.5172413793103448,0.576923076923077,0.32432432432432434,0.9324324324324322,0.0,0.6458333333333333,0.5912113785743713,0.060517263018353695,9.285653438593517
65,2016-07-14 20:00:00,0.6275525893859522,0.608695652173913,0.5384615384615384,0.5517241379310345,0.6153846153846154,0.35135135135135137,0.9324324324324322,0.0,0.5,0.5833758115768433,0.04417677780910889,7.039533985882363
66,2016-07-14 21:00:00,0.5310036744582782,0.6956521739130435,0.6153846153846154,0.6206896551724137,0.6923076923076924,0.3783783783783784,0.9324324324324322,0.0,0.3541666666666665,0.5229636430740356,0.008040031384242585,1.514119726656299
67,2016-07-14 22:00:00,0.7137669883990894,0.6956521739130435,0.6153846153846154,0.6551724137931034,0.7307692307692308,0.3783783783783784,0.9324324324324322,0.0,0.2916666666666665,0.6737915277481079,0.039975460650981454,5.600631760883557
68,2016-07-14 23:00:00,0.6379182107565566,0.7391304347826086,0.6538461538461539,0.6896551724137931,0.7692307692307693,0.35135135135135137,0.9324324324324322,0.0,0.25,0.6202411651611328,0.017677045595423824,2.7710520404268197
69,2016-07-15 00:00:00,0.5724039636148683,0.7826086956521738,0.6923076923076923,0.7241379310344827,0.8076923076923077,0.32432432432432434,0.9324324324324322,0.0,0.1875,0.5744893550872803,0.002085391472411935,0.3643216338409307
70,2016-07-15 01:00:00,0.5965489395381887,0.7826086956521738,0.6923076923076923,0.7241379310344827,0.8076923076923077,0.32432432432432434,0.9324324324324322,0.0,0.25,0.5918231010437012,0.004725838494487489,0.7921962778353007
71,2016-07-15 02:00:00,0.5620694039414089,0.7826086956521738,0.6923076923076923,0.7241379310344827,0.8076923076923077,0.2972972972972973,0.9324324324324322,0.1875,0.3125,0.5722272396087646,0.01015783566735573,1.8072208869804627
72,2016-07-15 03:00:00,0.5379243988454734,0.7391304347826086,0.6538461538461539,0.6896551724137931,0.7692307692307693,0.2972972972972973,0.9324324324324322,0.25,0.3541666666666665,0.549150288105011,0.011225889259537603,2.0868897718027477
73,2016-07-15 04:00:00,0.5378933809072513,0.7391304347826086,0.6538461538461539,0.6896551724137931,0.7692307692307693,0.2972972972972973,0.9324324324324322,0.125,0.45833333333333326,0.5376529693603516,0.00024041154689968813,0.0446950186474115
74,2016-07-15 05:00:00,0.548258958518933,0.6956521739130435,0.6153846153846154,0.6551724137931034,0.7307692307692308,0.2972972972972973,0.9324324324324322,0.0,0.5625,0.5292408466339111,0.019018111885021893,3.468819175594947
75,2016-07-15 06:00:00,0.45859972086761663,0.6956521739130435,0.6153846153846154,0.6206896551724137,0.6923076923076924,0.2972972972972973,0.9324324324324322,0.0,0.6666666666666665,0.44435569643974304,0.014244024427873592,3.105981922737671
76,2016-07-15 07:00:00,0.35171622392150154,0.6521739130434783,0.576923076923077,0.5862068965517242,0.6538461538461539,0.2972972972972973,0.9324324324324322,0.0,0.7291666666666665,0.34442707896232605,0.0072891449591754864,2.0724505903948085
77,2016-07-15 08:00:00,0.3379057791197196,0.5652173913043478,0.5,0.5172413793103448,0.576923076923077,0.2972972972972973,0.9324324324324322,0.1875,0.7916666666666665,0.33091801404953003,0.0069877650701895555,2.067962580691406
78,2016-07-15 09:00:00,0.2448327282167741,0.5217391304347826,0.46153846153846156,0.4482758620689655,0.5,0.2972972972972973,0.9324324324324322,0.25,0.875,0.2402220219373703,0.004610706279403798,1.8832066746082632
79,2016-07-15 10:00:00,0.16203215331741033,0.4782608695652174,0.42307692307692313,0.4482758620689655,0.5,0.2972972972972973,0.9324324324324322,0.125,0.875,0.16311463713645935,0.0010824838190490182,0.6680672921309041
80,2016-07-15 11:00:00,0.09657997836276197,0.4782608695652174,0.42307692307692313,0.41379310344827586,0.46153846153846156,0.2972972972972973,0.9324324324324322,0.0,0.8958333333333333,0.09645812213420868,0.00012185622855329092,0.12617131482012697
81,2016-07-15 12:00:00,0.06200731943359425,0.4347826086956521,0.3846153846153846,0.3793103448275862,0.42307692307692313,0.2972972972972973,0.716216216216216,0.0,0.9166666666666665,0.06672901660203934,0.004721697168445088,7.614741633044973
82,2016-07-15 13:00:00,0.04822791367362847,0.4347826086956521,0.3846153846153846,0.3793103448275862,0.42307692307692313,0.2972972972972973,0.716216216216216,0.0,0.9166666666666665,0.05497016757726669,0.006742253903638223,13.979982524777885
83,2016-07-15 14:00:00,0.048227917397792114,0.4347826086956521,0.3846153846153846,0.3793103448275862,0.42307692307692313,0.2972972972972973,0.716216216216216,0.0,0.9166666666666665,0.05497017502784729,0.006742257630055176,13.97998917192273
84,2016-07-15 15:00:00,0.05167276689811501,0.3913043478260869,0.34615384615384615,0.3448275862068966,0.38461538461538464,0.2972972972972973,0.716216216216216,0.0,0.9166666666666665,0.0574798658490181,0.005807098950903089,11.238219471299356
85,2016-07-15 16:00:00,0.09657997836276197,0.4347826086956521,0.3846153846153846,0.3793103448275862,0.42307692307692313,0.2972972972972973,0.716216216216216,0.0,0.8958333333333333,0.09842869639396667,0.0018487180312047047,1.9141835218276555
86,2016-07-15 17:00:00,0.21032214178499326,0.4782608695652174,0.42307692307692313,0.41379310344827586,0.46153846153846156,0.2972972972972973,0.716216216216216,0.0,0.875,0.19855616986751556,0.011765971917477691,5.594262124577322
87,2016-07-15 18:00:00,0.45171002155662393,0.5217391304347826,0.46153846153846156,0.4482758620689655,0.5,0.2972972972972973,0.716216216216216,0.0,0.8333333333333333,0.40774741768836975,0.04396260386825418,9.732483622292905
88,2016-07-15 19:00:00,0.5896282151509935,0.5652173913043478,0.5,0.5172413793103448,0.576923076923077,0.2972972972972973,0.716216216216216,0.0,0.7291666666666665,0.5345926284790039,0.0550355866719896,9.33394726673586
89,2016-07-15 20:00:00,0.5654831954687503,0.6521739130434783,0.576923076923077,0.5862068965517242,0.6538461538461539,0.2702702702702703,0.716216216216216,0.0,0.6041666666666665,0.5294032096862793,0.03607998578247096,6.380381604896836
90,2016-07-15 21:00:00,0.49999999543789947,0.6956521739130435,0.6153846153846154,0.6551724137931034,0.7307692307692308,0.2702702702702703,0.716216216216216,0.0,0.4791666666666665,0.490460604429245,0.009539391008654474,1.9078782191387593
91,2016-07-15 22:00:00,0.47241016629009275,0.7391304347826086,0.6538461538461539,0.6896551724137931,0.7692307692307693,0.21621621621621623,0.716216216216216,0.0,0.39583333333333326,0.47451522946357727,0.0021050631734845227,0.4456007350595133
92,2016-07-15 23:00:00,0.34827137131770897,0.7826086956521738,0.6923076923076923,0.7241379310344827,0.8076923076923077,0.1891891891891892,0.716216216216216,0.0,0.3125,0.3805871307849884,0.03231575946727944,9.27890206565372
93,2016-07-16 00:00:00,0.3310160723603996,0.7826086956521738,0.7307692307692307,0.7586206896551724,0.8461538461538461,0.13513513513513514,0.716216216216216,0.0,0.22916666666666652,0.3758263885974884,0.04481031623708881,13.537202564684167
94,2016-07-16 01:00:00,0.36897151605117756,0.7826086956521738,0.7307692307692307,0.7586206896551724,0.8461538461538461,0.13513513513513514,0.716216216216216,0.0,0.2916666666666665,0.4030413329601288,0.03406981690895122,9.233725484713467
95,2016-07-16 02:00:00,0.3793060682763098,0.7826086956521738,0.6923076923076923,0.7241379310344827,0.8076923076923077,0.10810810810810811,0.716216216216216,0.0625,0.33333333333333326,0.4059111177921295,0.026605049515819712,7.014137589920908
96,2016-07-16 03:00:00,0.42064428493551315,0.7826086956521738,0.6923076923076923,0.7241379310344827,0.8076923076923077,0.08108108108108109,0.716216216216216,0.0625,0.39583333333333326,0.43533506989479065,0.014690784959277503,3.492448485667569
97,2016-07-16 04:00:00,0.47585501951457926,0.7391304347826086,0.6538461538461539,0.6896551724137931,0.7692307692307693,0.10810810810810811,0.716216216216216,0.0,0.4791666666666665,0.46938732266426086,0.006467696850318394,1.3591738208238522
98,2016-07-16 05:00:00,0.5378933663209435,0.7391304347826086,0.6538461538461539,0.6896551724137931,0.7692307692307693,0.13513513513513514,0.716216216216216,0.0,0.5416666666666665,0.5182533860206604,0.019639980300283133,3.6512776565020126
99,2016-07-16 06:00:00,0.5551796974924359,0.6956521739130435,0.6153846153846154,0.6551724137931034,0.7307692307692308,0.13513513513513514,0.716216216216216,0.0,0.625,0.5239262580871582,0.031253439405277694,5.629427651342295
100,2016-07-16 07:00:00,0.3827509140524691,0.6521739130434783,0.576923076923077,0.6206896551724137,0.6923076923076924,0.16216216216216217,0.716216216216216,0.0,0.6875,0.37377598881721497,0.008974925235254116,2.344847498920354
101,2016-07-16 08:00:00,0.355161077766682,0.608695652173913,0.576923076923077,0.5862068965517242,0.6538461538461539,0.16216216216216217,0.716216216216216,0.0,0.7291666666666665,0.3465886414051056,0.008572436361576397,2.413675624446645
102,2016-07-16 09:00:00,0.2999503431876159,0.608695652173913,0.5384615384615384,0.5862068965517242,0.6538461538461539,0.16216216216216217,0.716216216216216,0.0,0.7916666666666665,0.29258906841278076,0.007361274774835114,2.454164478228555
103,2016-07-16 10:00:00,0.20690833225752747,0.5652173913043478,0.5,0.5172413793103448,0.576923076923077,0.1891891891891892,0.716216216216216,0.0,0.8333333333333333,0.20453642308712006,0.0023719091704074158,1.1463574929670934
104,2016-07-16 11:00:00,0.09310409261374564,0.5217391304347826,0.46153846153846156,0.4827586206896552,0.5384615384615385,0.21621621621621623,0.716216216216216,0.0,0.875,0.10112638771533966,0.008022295101594024,8.616479551415159
105,2016-07-16 12:00:00,0.058562469933271355,0.4782608695652174,0.42307692307692313,0.4482758620689655,0.5,0.24324324324324326,0.6081081081081079,0.0,0.9166666666666665,0.06776364892721176,0.009201178993940407,15.711733136298097
106,2016-07-16 13:00:00,0.05167277093262562,0.4782608695652174,0.42307692307692313,0.41379310344827586,0.46153846153846156,0.2702702702702703,0.6081081081081079,0.0,0.9166666666666665,0.060174740850925446,0.008501969918299823,16.45348171745087
107,2016-07-16 14:00:00,0.058562470243618325,0.4347826086956521,0.3846153846153846,0.41379310344827586,0.46153846153846156,0.2702702702702703,0.6081081081081079,0.0,0.8958333333333333,0.06948570162057877,0.01092323137696044,18.652272234282616
108,2016-07-16 15:00:00,0.062038355371940745,0.4347826086956521,0.3846153846153846,0.3793103448275862,0.42307692307692313,0.2702702702702703,0.6081081081081079,0.0,0.8958333333333333,0.0707903504371643,0.008751995065223561,14.107393744970215
109,2016-07-16 16:00:00,0.08965923938925913,0.4782608695652174,0.42307692307692313,0.4482758620689655,0.5,0.24324324324324326,0.6081081081081079,0.0,0.8541666666666665,0.1010950356721878,0.011435796282928679,12.754732653128716
110,2016-07-16 17:00:00,0.19654272826635322,0.5217391304347826,0.46153846153846156,0.4827586206896552,0.5384615384615385,0.24324324324324326,0.6081081081081079,0.0,0.8333333333333333,0.19533400237560272,0.001208725890750495,0.6149939513979061
111,2016-07-16 18:00:00,0.4654894127302824,0.5652173913043478,0.5,0.5172413793103448,0.576923076923077,0.21621621621621623,0.6081081081081079,0.0,0.7916666666666665,0.42645660042762756,0.03903281230265482,8.385327621891912
112,2016-07-16 19:00:00,0.6275526185585674,0.608695652173913,0.5384615384615384,0.5862068965517242,0.6538461538461539,0.2702702702702703,0.6081081081081079,0.0,0.7083333333333333,0.5733941793441772,0.05415843921439012,8.630103295367844
113,2016-07-16 20:00:00,0.6413940965055729,0.6956521739130435,0.6153846153846154,0.6206896551724137,0.6923076923076924,0.32432432432432434,0.6081081081081079,0.0,0.6041666666666665,0.5973080396652222,0.04408605684035072,6.87347405916881
114,2016-07-16 21:00:00,0.5896282151509935,0.7391304347826086,0.6538461538461539,0.6896551724137931,0.7692307692307693,0.35135135135135137,0.6081081081081079,0.0,0.5,0.5699779987335205,0.019650216417473,3.332645201254645
115,2016-07-16 22:00:00,0.4724411988146226,0.7826086956521738,0.6923076923076923,0.7241379310344827,0.8076923076923077,0.40540540540540543,0.6081081081081079,0.0,0.4375,0.48303189873695374,0.010590699922331137,2.241696945334934
116,2016-07-16 23:00:00,0.5379243988454734,0.826086956521739,0.7307692307692307,0.7586206896551724,0.8461538461538461,0.4594594594594595,0.6081081081081079,0.0,0.375,0.5471899509429932,0.00926555209751978,1.7224636245178842
117,2016-07-17 00:00:00,0.524113968009305,0.8695652173913043,0.7692307692307693,0.7931034482758621,0.8846153846153847,0.5135135135135136,0.6081081081081079,0.0,0.3125,0.5454587936401367,0.021344825630831732,4.072554240808324
118,2016-07-17 01:00:00,0.5000000100242072,0.826086956521739,0.7307692307692307,0.7241379310344827,0.8076923076923077,0.5405405405405406,0.6081081081081079,0.0,0.5,0.5085771083831787,0.008577098358971469,1.7154196374028499
119,2016-07-17 02:00:00,0.43789958358247555,0.7391304347826086,0.6538461538461539,0.6551724137931034,0.7307692307692308,0.5405405405405406,0.6081081081081079,0.0,0.6666666666666665,0.43715032935142517,0.000749254231050378,0.17110183684594915
120,2016-07-17 03:00:00,0.5103345551113592,0.6956521739130435,0.6153846153846154,0.5862068965517242,0.6538461538461539,0.5675675675675675,0.6081081081081079,0.0,0.8333333333333333,0.4830187261104584,0.027315829000900793,5.352533691342977
121,2016-07-17 04:00:00,0.5241450005338351,0.7391304347826086,0.6538461538461539,0.6551724137931034,0.7307692307692308,0.5405405405405406,0.6081081081081079,0.0,0.8333333333333333,0.502853274345398,0.02129172618843711,4.062182443169688
122,2016-07-17 05:00:00,0.47929984356645067,0.7391304347826086,0.6538461538461539,0.6896551724137931,0.7692307692307693,0.48648648648648657,0.6081081081081079,0.0,0.8333333333333333,0.46550825238227844,0.013791591184172225,2.8774453756440965
123,2016-07-17 06:00:00,0.427565002184728,0.7826086956521738,0.6923076923076923,0.7241379310344827,0.8076923076923077,0.4594594594594595,0.6081081081081079,0.0,0.8333333333333333,0.4227653443813324,0.004799657803395585,1.1225562847451929
124,2016-07-17 07:00:00,0.38964062794976945,0.7826086956521738,0.6923076923076923,0.7241379310344827,0.8076923076923077,0.4594594594594595,0.6081081081081079,0.0,0.8541666666666665,0.38717272877693176,0.0024678991728376842,0.633378296771412
125,2016-07-17 08:00:00,0.32415741333261094,0.7826086956521738,0.6923076923076923,0.7241379310344827,0.8076923076923077,0.4594594594594595,0.6081081081081079,0.0,0.8958333333333333,0.324377179145813,0.00021976581320204414,0.0677960164300013
126,2016-07-17 09:00:00,0.27583638489217094,0.7826086956521738,0.6923076923076923,0.7241379310344827,0.8076923076923077,0.4594594594594595,0.6081081081081079,0.0,0.9166666666666665,0.27816900610923767,0.0023326212170667326,0.8456539255974491
127,2016-07-17 10:00:00,0.1861771475512018,0.7826086956521738,0.6923076923076923,0.7241379310344827,0.8076923076923077,0.48648648648648657,0.6081081081081079,0.0,0.8958333333333333,0.19745756685733795,0.011280419306136158,6.058970960995015
128,2016-07-17 11:00:00,0.11035938412272772,0.7826086956521738,0.6923076923076923,0.7241379310344827,0.8076923076923077,0.5405405405405406,0.6081081081081079,0.0,0.8958333333333333,0.12733739614486694,0.01697801202213922,15.384293920359712
129,2016-07-17 12:00:00,0.0654832089067742,0.7826086956521738,0.6923076923076923,0.7241379310344827,0.8076923076923077,0.5675675675675675,0.9324324324324322,0.0,0.8958333333333333,0.08102122694253922,0.015538018035765017,23.72824773734877
130,2016-07-17 13:00:00,0.058562469933271355,0.7826086956521738,0.6923076923076923,0.7241379310344827,0.8076923076923077,0.5675675675675675,0.9324324324324322,0.0,0.875,0.07679805904626846,0.018235589112997108,31.138695368852336
131,2016-07-17 14:00:00,0.048227917397792114,0.7826086956521738,0.6923076923076923,0.7241379310344827,0.8076923076923077,0.5405405405405406,0.9324324324324322,0.0,0.8541666666666665,0.06919512152671814,0.020967204128926026,43.47524268150528
132,2016-07-17 15:00:00,0.05167276689811501,0.7826086956521738,0.6923076923076923,0.7241379310344827,0.8076923076923077,0.5405405405405406,0.9324324324324322,0.0,0.8541666666666665,0.0724540501832962,0.020781283285181196,40.2170902250239
133,2016-07-17 16:00:00,0.08965924342376969,0.7826086956521738,0.6923076923076923,0.7241379310344827,0.8076923076923077,0.5135135135135136,0.9324324324324322,0.0,0.8125,0.11268965899944305,0.02303041557567337,25.686604856591664
134,2016-07-17 17:00:00,0.1517286333064609,0.7826086956521738,0.6923076923076923,0.7241379310344827,0.8076923076923077,0.4594594594594595,0.9324324324324322,0.0,0.7708333333333333,0.17441792786121368,0.02268929455475277,14.953864712486418
135,2016-07-17 18:00:00,0.33101608011907385,0.7826086956521738,0.6923076923076923,0.7241379310344827,0.8076923076923077,0.43243243243243246,0.9324324324324322,0.0,0.75,0.34066691994667053,0.00965083982759668,2.915519942150562
136,2016-07-17 19:00:00,0.5517348296816418,0.7826086956521738,0.6923076923076923,0.7241379310344827,0.8076923076923077,0.48648648648648657,0.9324324324324322,0.0,0.6666666666666665,0.5446929931640625,0.007041836517579281,1.2763081354937322
137,2016-07-17 20:00:00,0.6448079026192222,0.826086956521739,0.7307692307692307,0.7586206896551724,0.8461538461538461,0.5405405405405406,0.9324324324324322,0.0,0.5833333333333333,0.6363010406494141,0.0085068619698081,1.319286245601684
138,2016-07-17 21:00:00,0.517255294084862,0.826086956521739,0.7307692307692307,0.7586206896551724,0.8461538461538461,0.5675675675675675,0.9324324324324322,0.0,0.5,0.5307202339172363,0.01346493983237429,2.6031516712065206
139,2016-07-17 22:00:00,0.5103345551113592,0.8695652173913043,0.7692307692307693,0.7931034482758621,0.8846153846153847,0.5945945945945947,0.9324324324324322,0.0,0.4375,0.5335559844970703,0.023221429385711145,4.55023653662724
140,2016-07-17 23:00:00,0.4861895646017313,0.9130434782608695,0.8076923076923077,0.8275862068965518,0.9230769230769231,0.6216216216216217,0.9324324324324322,0.0,0.3541666666666665,0.522351861000061,0.03616229639832974,7.437900570316142
141,2016-07-18 00:00:00,0.4551859147539678,0.9565217391304347,0.8461538461538461,0.8620689655172413,0.9615384615384616,0.6486486486486487,0.9324324324324322,0.0,0.2916666666666665,0.5039582848548889,0.048772370100921114,10.71482410155047
142,2016-07-18 01:00:00,0.4792998581527583,0.9565217391304347,0.8461538461538461,0.8620689655172413,0.9615384615384616,0.6756756756756757,0.9324324324324322,0.0,0.2916666666666665,0.52610182762146,0.04680196946870169,9.764653310993756
143,2016-07-18 02:00:00,0.4344547449442964,0.9565217391304347,0.8461538461538461,0.8620689655172413,0.9615384615384616,0.7027027027027029,0.9324324324324322,0.0,0.2916666666666665,0.4875623285770416,0.0531075836327452,12.22396216194034
144,2016-07-18 03:00:00,0.5413382049591224,0.9565217391304347,0.8461538461538461,0.8620689655172413,0.9615384615384616,0.7027027027027029,0.9324324324324322,0.0,0.2916666666666665,0.5812873244285583,0.03994911946943591,7.379697036615503
145,2016-07-18 04:00:00,0.58273850870202,0.9130434782608695,0.8076923076923077,0.8275862068965518,0.9230769230769231,0.6216216216216217,0.9324324324324322,0.0,0.3541666666666665,0.605953574180603,0.023215065478582986,3.9837877764920244
146,2016-07-18 05:00:00,0.5792936554775339,0.8695652173913043,0.7692307692307693,0.7931034482758621,0.8846153846153847,0.5675675675675675,0.9324324324324322,0.0,0.4166666666666665,0.5930012464523315,0.013707590974797679,2.3662594687832357
147,2016-07-18 06:00:00,0.5551486357952908,0.826086956521739,0.7307692307692307,0.7586206896551724,0.8461538461538461,0.48648648648648657,0.9324324324324322,0.0,0.4791666666666665,0.5612497329711914,0.006101097175900572,1.0990024621352632
148,2016-07-18 07:00:00,0.41037179744909363,0.7826086956521738,0.6923076923076923,0.6896551724137931,0.7692307692307693,0.43243243243243246,0.9324324324324322,0.0,0.5833333333333333,0.4199102818965912,0.009538484447497553,2.3243518455190126
149,2016-07-18 08:00:00,0.3276022584880763,0.6956521739130435,0.6153846153846154,0.6206896551724137,0.6923076923076924,0.3783783783783784,0.9324324324324322,0.0,0.6875,0.33157774806022644,0.003975489572150159,1.2135110394224755
150,2016-07-18 09:00:00,0.2517224346657471,0.6521739130434783,0.576923076923077,0.5862068965517242,0.6538461538461539,0.32432432432432434,0.9324324324324322,0.0,0.7916666666666665,0.2521989047527313,0.00047647008698420423,0.18928391806510658
151,2016-07-18 10:00:00,0.16895288825640253,0.608695652173913,0.5384615384615384,0.5517241379310345,0.6153846153846154,0.2972972972972973,0.9324324324324322,0.0,0.8333333333333333,0.17246028780937195,0.0035073995529694146,2.075963062345873
152,2016-07-18 11:00:00,0.1138042376575612,0.5652173913043478,0.5,0.5172413793103448,0.576923076923077,0.2702702702702703,0.9324324324324322,0.0,0.8541666666666665,0.11989828944206238,0.0060940517845011755,5.354854889356823
153,2016-07-18 12:00:00,0.06892806244160771,0.5652173913043478,0.5,0.5172413793103448,0.576923076923077,0.24324324324324326,0.9459459459459454,0.0,0.875,0.07771503925323486,0.008786976811627156,12.748039768375948
154,2016-07-18 13:00:00,0.058562469933271355,0.5652173913043478,0.5,0.5172413793103448,0.576923076923077,0.2702702702702703,0.9459459459459454,0.0,0.8958333333333333,0.06623358279466629,0.007671112861394935,13.09902548532488
155,2016-07-18 14:00:00,0.048227917397792114,0.5652173913043478,0.5,0.5172413793103448,0.576923076923077,0.2972972972972973,0.9459459459459454,0.0,0.8958333333333333,0.05706106871366501,0.008833151315872895,18.315431792369452
156,2016-07-18 15:00:00,0.04478306417330563,0.5652173913043478,0.5,0.4827586206896552,0.5384615384615385,0.2972972972972973,0.9459459459459454,0.0,0.9166666666666665,0.04986267536878586,0.005079611195480227,11.342705751046154
157,2016-07-18 16:00:00,0.06545217296842776,0.608695652173913,0.5384615384615384,0.5172413793103448,0.576923076923077,0.32432432432432434,0.9459459459459454,0.0,0.875,0.07372229546308517,0.008270122494657417,12.635367352351595
158,2016-07-18 17:00:00,0.13102848888333923,0.6521739130434783,0.576923076923077,0.5862068965517242,0.6538461538461539,0.35135135135135137,0.9459459459459454,0.0,0.8333333333333333,0.14045847952365875,0.009429990640319519,7.196901010371476
159,2016-07-18 18:00:00,0.3103469675997881,0.6956521739130435,0.6153846153846154,0.6206896551724137,0.6923076923076924,0.3783783783783784,0.9459459459459454,0.0,0.7916666666666665,0.3080720603466034,0.002274907253184688,0.7330206158541636
160,2016-07-18 19:00:00,0.5551796974924359,0.7391304347826086,0.6538461538461539,0.6551724137931034,0.7307692307692308,0.40540540540540543,0.9459459459459454,0.0,0.6666666666666665,0.5355249643325806,0.01965473315985533,3.5402471035286944
161,2016-07-18 20:00:00,0.5965179215999665,0.7826086956521738,0.6923076923076923,0.6896551724137931,0.7692307692307693,0.43243243243243246,0.9459459459459454,0.0,0.5416666666666665,0.5822338461875916,0.014284075412374975,2.39457607142172
162,2016-07-18 21:00:00,0.5930730537891724,0.826086956521739,0.7307692307692307,0.7586206896551724,0.8461538461538461,0.4594594594594595,0.9459459459459454,0.0,0.39583333333333326,0.5956852436065674,0.002612189817394972,0.4404499244579677
163,2016-07-18 22:00:00,0.6585873155171682,0.8695652173913043,0.7692307692307693,0.7931034482758621,0.8846153846153847,0.4594594594594595,0.9459459459459454,0.0,0.3125,0.6582753658294678,0.0003119496877004302,0.0473664888998759
164,2016-07-18 23:00:00,0.5792936700638414,0.9130434782608695,0.8076923076923077,0.8275862068965518,0.9230769230769231,0.4594594594594595,0.9459459459459454,0.0,0.25,0.6000123023986816,0.02071863233484028,3.5765335279007924
165,2016-07-19 00:00:00,0.627583621910482,0.9565217391304347,0.8461538461538461,0.8620689655172413,0.9615384615384616,0.4594594594594595,0.9459459459459454,0.0,0.16666666666666652,0.6481360197067261,0.02055239779624407,3.27484610475951
166,2016-07-19 01:00:00,0.6516975944818877,0.9565217391304347,0.8846153846153847,0.8620689655172413,0.9615384615384616,0.48648648648648657,0.9459459459459454,0.0,0.14583333333333326,0.6725988984107971,0.02090130392890943,3.2072090039746697
167,2016-07-19 02:00:00,0.5413382195454302,0.9565217391304347,0.9230769230769231,0.8620689655172413,0.9615384615384616,0.5135135135135136,0.9459459459459454,0.0,0.125,0.5857223868370056,0.04438416729157546,8.198971675941431
168,2016-07-19 03:00:00,0.6241388124449183,0.9565217391304347,0.9615384615384616,0.8620689655172413,0.9615384615384616,0.5405405405405406,0.9459459459459454,0.0,0.10416666666666652,0.6592156887054443,0.035076876260526024,5.620044060890964
169,2016-07-19 04:00:00,0.6689218460180124,0.9565217391304347,0.9230769230769231,0.8620689655172413,0.9615384615384616,0.48648648648648657,0.9459459459459454,0.0,0.14583333333333326,0.6895430088043213,0.020621162786308878,3.0827461995842187
170,2016-07-19 05:00:00,0.6586183334553903,0.9130434782608695,0.8461538461538461,0.8275862068965518,0.9230769230769231,0.4594594594594595,0.9459459459459454,0.0,0.20833333333333326,0.669614315032959,0.010995981577568648,1.6695529138824723
171,2016-07-19 06:00:00,0.651728641592725,0.8695652173913043,0.7692307692307693,0.7931034482758621,0.8846153846153847,0.40540540540540543,0.9459459459459454,0.0,0.25,0.651630163192749,9.847839997600971e-05,0.015110337906178802
172,2016-07-19 07:00:00,0.5448141052944464,0.826086956521739,0.7307692307692307,0.7586206896551724,0.8461538461538461,0.3783783783783784,0.9459459459459454,0.0,0.3541666666666665,0.5535244941711426,0.008710388876696173,1.5987818215515215
173,2016-07-19 08:00:00,0.4517100072806635,0.7826086956521738,0.6923076923076923,0.6896551724137931,0.7692307692307693,0.35135135135135137,0.9459459459459454,0.0,0.4375,0.4616387188434601,0.009928711562796566,2.1980278060626413
174,2016-07-19 09:00:00,0.2999503428772689,0.7391304347826086,0.6538461538461539,0.6551724137931034,0.7307692307692308,0.32432432432432434,0.9459459459459454,0.0,0.5416666666666665,0.32037168741226196,0.020421344534993058,6.808241770654981
175,2016-07-19 10:00:00,0.14828378753030164,0.6956521739130435,0.6153846153846154,0.6206896551724137,0.6923076923076924,0.2972972972972973,0.9459459459459454,0.0,0.625,0.17781847715377808,0.02953468962347644,19.91767954904784
176,2016-07-19 11:00:00,0.07932468685377986,0.6521739130434783,0.576923076923077,0.5862068965517242,0.6538461538461539,0.2972972972972973,0.9459459459459454,0.0,0.7291666666666665,0.10486248880624771,0.025537801952467853,32.194015463990404
177,2016-07-19 12:00:00,0.03444851194817333,0.608695652173913,0.5384615384615384,0.5517241379310345,0.6153846153846154,0.2702702702702703,0.7027027027027024,0.0,0.8125,0.05864652246236801,0.02419801051419468,70.24399355943095
178,2016-07-19 13:00:00,0.031003658723686822,0.608695652173913,0.5384615384615384,0.5517241379310345,0.6153846153846154,0.2972972972972973,0.7027027027027024,0.0,0.8125,0.05561814457178116,0.024614485848094336,79.39219711926724
179,2016-07-19 14:00:00,0.03444850822400966,0.608695652173913,0.5384615384615384,0.5517241379310345,0.6153846153846154,0.32432432432432434,0.7027027027027024,0.0,0.8125,0.05865667015314102,0.02420816192913136,70.27346952649445
180,2016-07-19 15:00:00,0.05856246589876077,0.608695652173913,0.5384615384615384,0.5517241379310345,0.6153846153846154,0.35135135135135137,0.7027027027027024,0.0,0.8125,0.07997279614210129,0.02141033024334052,36.559816795203595
181,2016-07-19 16:00:00,0.07926261497708695,0.608695652173913,0.576923076923077,0.5517241379310345,0.6153846153846154,0.35135135135135137,0.7027027027027024,0.0,0.7708333333333333,0.10462591797113419,0.025363302994047238,31.999074218506674
182,2016-07-19 17:00:00,0.22413258720746915,0.6521739130434783,0.576923076923077,0.5862068965517242,0.6538461538461539,0.35135135135135137,0.7027027027027024,0.0,0.7291666666666665,0.23529312014579773,0.011160532938328582,4.979433413668578
183,2016-07-19 18:00:00,0.5585935181923924,0.6521739130434783,0.6153846153846154,0.6206896551724137,0.6923076923076924,0.35135135135135137,0.7027027027027024,0.0,0.7083333333333333,0.5292940139770508,0.029299504215341665,5.2452281061468105
184,2016-07-19 19:00:00,0.7068772965364241,0.6956521739130435,0.6153846153846154,0.6551724137931034,0.7307692307692308,0.40540540540540543,0.7027027027027024,0.0,0.625,0.6594957113265991,0.04738158520982494,6.702943416344883
185,2016-07-19 20:00:00,0.6620321541553469,0.7391304347826086,0.6538461538461539,0.6896551724137931,0.7692307692307693,0.43243243243243246,0.7027027027027024,0.0,0.5416666666666665,0.6325640082359314,0.02946814591941549,4.451165360240304
186,2016-07-19 21:00:00,0.5758488022530472,0.7826086956521738,0.6923076923076923,0.7241379310344827,0.8076923076923077,0.48648648648648657,0.7027027027027024,0.0,0.4791666666666665,0.5714514851570129,0.004397317096034303,0.7636235551466816
187,2016-07-19 22:00:00,0.5517038117434194,0.826086956521739,0.7307692307692307,0.7241379310344827,0.8076923076923077,0.48648648648648657,0.7027027027027024,0.0,0.4375,0.5537893772125244,0.0020855654691049885,0.37802266808968893
188,2016-07-19 23:00:00,0.5931041009000098,0.826086956521739,0.7307692307692307,0.7586206896551724,0.8461538461538461,0.4594594594594595,0.7027027027027024,0.0,0.4166666666666665,0.592327356338501,0.0007767445615087798,0.13096260173047256
189,2016-07-20 00:00:00,0.7137980355099267,0.8695652173913043,0.7692307692307693,0.7931034482758621,0.8846153846153847,0.4594594594594595,0.7027027027027024,0.0,0.375,0.6982950568199158,0.015502978690010938,2.171899881867262
190,2016-07-20 01:00:00,0.7586121307801661,0.8695652173913043,0.7692307692307693,0.7931034482758621,0.8846153846153847,0.48648648648648657,0.7027027027027024,0.0,0.375,0.7358558177947998,0.02275631298536629,2.999729646026543
191,2016-07-20 02:00:00,0.6448079026192219,0.8695652173913043,0.7692307692307693,0.7931034482758621,0.8846153846153847,0.5135135135135136,0.7027027027027024,0.0625,0.375,0.6486033201217651,0.003795417502543197,0.588612125739486
192,2016-07-20 03:00:00,0.693097883638478,0.8695652173913043,0.7692307692307693,0.7931034482758621,0.8846153846153847,0.5405405405405406,0.7027027027027024,0.0625,0.375,0.689680814743042,0.003417068895436026,0.4930138983397011
193,2016-07-20 04:00:00,0.7068772965364236,0.8695652173913043,0.7692307692307693,0.7931034482758621,0.8846153846153847,0.48648648648648657,0.7027027027027024,0.0625,0.39583333333333326,0.6977750062942505,0.009102290242173128,1.2876761337183658
194,2016-07-20 05:00:00,0.7413568467195111,0.8695652173913043,0.7692307692307693,0.7931034482758621,0.8846153846153847,0.43243243243243246,0.7027027027027024,0.0,0.4166666666666665,0.7184628248214722,0.022894021898038908,3.0881244301370505
195,2016-07-20 06:00:00,0.7689777229781554,0.826086956521739,0.7307692307692307,0.7586206896551724,0.8461538461538461,0.40540540540540543,0.7027027027027024,0.0,0.4375,0.7322777509689331,0.03669997200922226,4.772566345236611
196,2016-07-20 07:00:00,0.6999875900874508,0.7826086956521738,0.6923076923076923,0.7241379310344827,0.8076923076923077,0.3783783783783784,0.7027027027027024,0.0,0.5416666666666665,0.6669905185699463,0.03299707151750453,4.713950930670376
197,2016-07-20 08:00:00,0.527589839172014,0.7391304347826086,0.6538461538461539,0.6896551724137931,0.7692307692307693,0.3783783783783784,0.7027027027027024,0.0,0.625,0.5152145624160767,0.012375276755937303,2.345624543368528
198,2016-07-20 09:00:00,0.38275090691448876,0.6956521739130435,0.6153846153846154,0.6206896551724137,0.6923076923076924,0.3783783783783784,0.7027027027027024,0.0,0.7291666666666665,0.3769080936908722,0.005842813223616572,1.5265315164679487
199,2016-07-20 10:00:00,0.24135683470908353,0.6956521739130435,0.6153846153846154,0.6206896551724137,0.6923076923076924,0.35135135135135137,0.7027027027027024,0.0,0.75,0.2508963644504547,0.009539529741371178,3.95245891953693
200,2016-07-20 11:00:00,0.12413879360685712,0.6521739130434783,0.576923076923077,0.6206896551724137,0.6923076923076924,0.32432432432432434,0.7027027027027024,0.0,0.7708333333333333,0.1455099731683731,0.02137117956151599,17.21555280229137
201,2016-07-20 12:00:00,0.09313512482792852,0.6521739130434783,0.576923076923077,0.5862068965517242,0.6538461538461539,0.32432432432432434,0.9324324324324322,0.0,0.7916666666666665,0.1107555702328682,0.017620445404939677,18.919226701520262
202,2016-07-20 13:00:00,0.10346968512208196,0.6521739130434783,0.576923076923077,0.5862068965517242,0.6538461538461539,0.32432432432432434,0.9324324324324322,0.0,0.8125,0.11779817938804626,0.014328494265964303,13.848011858795529
203,2016-07-20 14:00:00,0.08965924342376969,0.6521739130434783,0.576923076923077,0.5862068965517242,0.6538461538461539,0.32432432432432434,0.9324324324324322,0.0,0.8125,0.10539330542087555,0.015734061997105864,17.54873384636947
204,2016-07-20 15:00:00,0.08273850445026687,0.608695652173913,0.576923076923077,0.5862068965517242,0.6538461538461539,0.32432432432432434,0.9324324324324322,0.0,0.8333333333333333,0.09987816214561462,0.017139657695347754,20.715455046265912
205,2016-07-20 16:00:00,0.12069394007202364,0.6521739130434783,0.576923076923077,0.5862068965517242,0.6538461538461539,0.32432432432432434,0.9324324324324322,0.0,0.8125,0.13325950503349304,0.012565564961469405,10.41109848097672
206,2016-07-20 17:00:00,0.2965365296256395,0.6521739130434783,0.576923076923077,0.6206896551724137,0.6923076923076924,0.32432432432432434,0.9324324324324322,0.0,0.8125,0.2931467294692993,0.0033898001563401614,1.143130716684245
207,2016-07-20 18:00:00,0.6655080544906711,0.6956521739130435,0.6153846153846154,0.6206896551724137,0.6923076923076924,0.32432432432432434,0.9324324324324322,0.0,0.7916666666666665,0.6152652502059937,0.05024280428467742,7.54954112811293
208,2016-07-20 19:00:00,0.7930606192661083,0.7391304347826086,0.6538461538461539,0.6551724137931034,0.7307692307692308,0.35135135135135137,0.9324324324324322,0.0,0.7083333333333333,0.7306710481643677,0.06238957110174059,7.866935967577786
209,2016-07-20 20:00:00,0.706908314474646,0.7391304347826086,0.6923076923076923,0.6896551724137931,0.7692307692307693,0.3783783783783784,0.9324324324324322,0.0625,0.625,0.6749945282936096,0.03191378618103635,4.514558044879379
210,2016-07-20 21:00:00,0.6551734656445964,0.7826086956521738,0.7307692307692307,0.7241379310344827,0.8076923076923077,0.40540540540540543,0.9324324324324322,0.0625,0.5416666666666665,0.6415848731994629,0.013588592445133552,2.074044990781843
211,2016-07-20 22:00:00,0.6758736321023529,0.826086956521739,0.7692307692307693,0.7586206896551724,0.8461538461538461,0.40540540540540543,0.9324324324324322,0.0,0.4791666666666665,0.6624345779418945,0.013439054160458319,1.9883974639837907
212,2016-07-20 23:00:00,0.7930916809632533,0.8695652173913043,0.7692307692307693,0.7931034482758621,0.8846153846153847,0.3783783783783784,0.9324324324324322,0.0,0.4166666666666665,0.7614451050758362,0.03164657588741715,3.990279641942612
213,2016-07-21 00:00:00,0.5965489395381887,0.9130434782608695,0.8076923076923077,0.8275862068965518,0.9230769230769231,0.3783783783783784,0.9324324324324322,0.0,0.3541666666666665,0.6071039438247681,0.010555004286579406,1.7693442376664752
214,2016-07-21 01:00:00,0.6379181961702491,0.9130434782608695,0.8076923076923077,0.8275862068965518,0.9230769230769231,0.3783783783783784,0.9324324324324322,0.0,0.375,0.64112389087677,0.0032056947065208785,0.5025244186114006
215,2016-07-21 02:00:00,0.5689590958040744,0.8695652173913043,0.8076923076923077,0.8275862068965518,0.9230769230769231,0.3783783783783784,0.9324324324324322,0.125,0.39583333333333326,0.5923269987106323,0.02336790290655788,4.107132319157931
216,2016-07-21 03:00:00,0.6551424622926816,0.8695652173913043,0.8076923076923077,0.7931034482758621,0.8846153846153847,0.3783783783783784,0.9324324324324322,0.1875,0.4166666666666665,0.6636452674865723,0.008502805193890683,1.2978559142899975
217,2016-07-21 04:00:00,0.6689529077151575,0.8695652173913043,0.7692307692307693,0.7931034482758621,0.8846153846153847,0.32432432432432434,0.9324324324324322,0.0625,0.4791666666666665,0.6598749160766602,0.009077991638497318,1.3570449479775277
218,2016-07-21 05:00:00,0.779312282651615,0.826086956521739,0.7692307692307693,0.7586206896551724,0.8461538461538461,0.2972972972972973,0.9324324324324322,0.0,0.5208333333333333,0.7409286499023438,0.03838363274927126,4.9253211586337
219,2016-07-21 06:00:00,0.803426240636713,0.826086956521739,0.7307692307692307,0.7586206896551724,0.8461538461538461,0.24324324324324326,0.9324324324324322,0.0,0.5833333333333333,0.7535437345504761,0.0498825060862369,6.2087225389483365
220,2016-07-21 07:00:00,0.6241077507477732,0.7826086956521738,0.6923076923076923,0.7241379310344827,0.8076923076923077,0.24324324324324326,0.9324324324324322,0.0,0.6458333333333333,0.597659707069397,0.026448043678376276,4.237736776492138
221,2016-07-21 08:00:00,0.5344485276827646,0.7391304347826086,0.6538461538461539,0.6896551724137931,0.7692307692307693,0.24324324324324326,0.9324324324324322,0.0625,0.7083333333333333,0.5173146724700928,0.017133855212671856,3.2058943612324975
222,2016-07-21 09:00:00,0.3551610700080078,0.6956521739130435,0.6153846153846154,0.6206896551724137,0.6923076923076924,0.24324324324324326,0.9324324324324322,0.0625,0.7708333333333333,0.3497594892978668,0.005401580710140963,1.5208819789903139
223,2016-07-21 10:00:00,0.22757742925946473,0.6521739130434783,0.576923076923077,0.6206896551724137,0.6923076923076924,0.24324324324324326,0.9324324324324322,0.0,0.7916666666666665,0.2322181910276413,0.004640761768176571,2.039201243848116
224,2016-07-21 11:00:00,0.1310284963316665,0.6521739130434783,0.576923076923077,0.6206896551724137,0.6923076923076924,0.2702702702702703,0.9324324324324322,0.0,0.8125,0.1443416178226471,0.0133131214909806,10.160477959910109
225,2016-07-21 12:00:00,0.06892806244160771,0.608695652173913,0.576923076923077,0.5862068965517242,0.6538461538461539,0.2702702702702703,0.4864864864864864,0.0,0.8333333333333333,0.09364448487758636,0.024716422435978658,35.85828697407117
226,2016-07-21 13:00:00,0.05856246589876077,0.608695652173913,0.5384615384615384,0.5862068965517242,0.6538461538461539,0.2702702702702703,0.4864864864864864,0.0,0.8333333333333333,0.08276240527629852,0.024199939377537755,41.323293010531934
227,2016-07-21 14:00:00,0.07240394384576646,0.608695652173913,0.5384615384615384,0.5862068965517242,0.6538461538461539,0.24324324324324326,0.4864864864864864,0.0625,0.8541666666666665,0.09517247974872589,0.022768535902959436,31.446541021937357
228,2016-07-21 15:00:00,0.07581776547676405,0.608695652173913,0.5384615384615384,0.5862068965517242,0.6538461538461539,0.24324324324324326,0.4864864864864864,0.0625,0.8541666666666665,0.09816330671310425,0.022345541236340194,29.472698246677364
229,2016-07-21 16:00:00,0.11377320140886774,0.608695652173913,0.5384615384615384,0.5862068965517242,0.6538461538461539,0.24324324324324326,0.4864864864864864,0.0625,0.8333333333333333,0.13354024291038513,0.019767041501517396,17.374075139610785
230,2016-07-21 17:00:00,0.25169139469289004,0.6521739130434783,0.576923076923077,0.5862068965517242,0.6538461538461539,0.24324324324324326,0.4864864864864864,0.0,0.8125,0.251789927482605,9.853278971494461e-05,0.03914825528110439
231,2016-07-21 18:00:00,0.5000000174725343,0.6521739130434783,0.576923076923077,0.6206896551724137,0.6923076923076924,0.2702702702702703,0.4864864864864864,0.0,0.7708333333333333,0.46997708082199097,0.03002293665054334,6.004587120277959
232,2016-07-21 19:00:00,0.6448078880329142,0.6956521739130435,0.6153846153846154,0.6206896551724137,0.6923076923076924,0.2702702702702703,0.4864864864864864,0.0,0.7083333333333333,0.592789888381958,0.052017999650956215,8.067208949574908
233,2016-07-21 20:00:00,0.5379243988454736,0.7391304347826086,0.6538461538461539,0.6551724137931034,0.7307692307692308,0.2972972972972973,0.4864864864864864,0.0,0.625,0.5149898529052734,0.02293454594020017,4.263525876391497
234,2016-07-21 21:00:00,0.47585500492827165,0.7391304347826086,0.6538461538461539,0.6896551724137931,0.7692307692307693,0.32432432432432434,0.4864864864864864,0.0,0.5416666666666665,0.47255516052246094,0.0032998444058107146,0.6934558576951647
235,2016-07-21 22:00:00,0.5241450005338351,0.7826086956521738,0.6923076923076923,0.7241379310344827,0.8076923076923077,0.32432432432432434,0.4864864864864864,0.0,0.5,0.5191383361816406,0.005006664352194434,0.955205972983661
236,2016-07-21 23:00:00,0.4586307679784542,0.7826086956521738,0.7307692307692307,0.7241379310344827,0.8076923076923077,0.2972972972972973,0.4864864864864864,0.0,0.45833333333333326,0.46851101517677307,0.00988024719831887,2.154292273470634
237,2016-07-22 00:00:00,0.4551859001676602,0.826086956521739,0.7307692307692307,0.7586206896551724,0.8461538461538461,0.2972972972972973,0.4864864864864864,0.0,0.4375,0.46856722235679626,0.013381322189136069,2.939748833214579
238,2016-07-22 01:00:00,0.4241201706845294,0.826086956521739,0.7307692307692307,0.7586206896551724,0.8461538461538461,0.2972972972972973,0.4864864864864864,0.0,0.4375,0.4426392614841461,0.018519090799616722,4.366472542375651
239,2016-07-22 02:00:00,0.41375459307284773,0.826086956521739,0.7307692307692307,0.7586206896551724,0.8461538461538461,0.2972972972972973,0.4864864864864864,0.0625,0.4375,0.4374788999557495,0.02372430688290178,5.733907799477832
240,2016-07-22 03:00:00,0.5241450005338351,0.826086956521739,0.7307692307692307,0.7586206896551724,0.8461538461538461,0.2972972972972973,0.4864864864864864,0.0625,0.4375,0.5292814373970032,0.0051364368631681145,0.9799648681064816
241,2016-07-22 04:00:00,0.6275836364967895,0.7826086956521738,0.7307692307692307,0.7241379310344827,0.8076923076923077,0.2972972972972973,0.4864864864864864,0.0625,0.4791666666666665,0.6094411611557007,0.018142475341088815,2.89084582293465
242,2016-07-22 05:00:00,0.6862081917758123,0.7826086956521738,0.6923076923076923,0.7241379310344827,0.8076923076923077,0.2972972972972973,0.4864864864864864,0.0,0.5208333333333333,0.6488863825798035,0.037321809196008804,5.438846350613376
243,2016-07-22 06:00:00,0.7379119789087172,0.7826086956521738,0.6923076923076923,0.7241379310344827,0.8076923076923077,0.2972972972972973,0.4864864864864864,0.0,0.5625,0.6892690062522888,0.04864297265642836,6.591974930176016
244,2016-07-22 07:00:00,0.6172490768233299,0.7391304347826086,0.6538461538461539,0.6896551724137931,0.7692307692307693,0.2972972972972973,0.4864864864864864,0.0,0.625,0.5843939781188965,0.03285509870443337,5.322826706120327
245,2016-07-22 08:00:00,0.499968948327062,0.6956521739130435,0.6153846153846154,0.6551724137931034,0.7307692307692308,0.2702702702702703,0.4864864864864864,0.0,0.6666666666666665,0.4798368811607361,0.02013206716632593,4.02666350254141
246,2016-07-22 09:00:00,0.3654956299918143,0.6521739130434783,0.576923076923077,0.6206896551724137,0.6923076923076924,0.2702702702702703,0.4864864864864864,0.0,0.7291666666666665,0.3591948449611664,0.006300785030647904,1.723901604730272
247,2016-07-22 10:00:00,0.23791198117425,0.6521739130434783,0.576923076923077,0.5862068965517242,0.6538461538461539,0.2702702702702703,0.4864864864864864,0.0,0.75,0.24569416046142578,0.007782179287175783,3.271032946203751
248,2016-07-22 11:00:00,0.12069394038237061,0.608695652173913,0.576923076923077,0.5862068965517242,0.6538461538461539,0.2702702702702703,0.4864864864864864,0.0,0.75,0.14738452434539795,0.026690583963027342,22.114270093816536
249,2016-07-22 12:00:00,0.0931351288624391,0.608695652173913,0.5384615384615384,0.5517241379310345,0.6153846153846154,0.2702702702702703,0.7027027027027024,0.0,0.7708333333333333,0.11454290896654129,0.021407780104102186,22.985720174094084
250,2016-07-22 13:00:00,0.08618335395058979,0.608695652173913,0.5384615384615384,0.5517241379310345,0.6153846153846154,0.2972972972972973,0.7027027027027024,0.0,0.7708333333333333,0.10859403014183044,0.022410676191240653,26.00348578228811
251,2016-07-22 14:00:00,0.06892806244160771,0.608695652173913,0.5384615384615384,0.5517241379310345,0.6153846153846154,0.32432432432432434,0.7027027027027024,0.0,0.7916666666666665,0.09132649004459381,0.022398427602986104,32.49536808315321
252,2016-07-22 15:00:00,0.07237291194193057,0.608695652173913,0.5384615384615384,0.5517241379310345,0.6153846153846154,0.32432432432432434,0.7027027027027024,0.0,0.7916666666666665,0.0943523496389389,0.02197943769700833,30.36970201591977
253,2016-07-22 16:00:00,0.12069394038237061,0.608695652173913,0.5384615384615384,0.5517241379310345,0.6153846153846154,0.32432432432432434,0.7027027027027024,0.0,0.7708333333333333,0.13888633251190186,0.01819239212953125,15.073161147855402
254,2016-07-22 17:00:00,0.28272609134114396,0.608695652173913,0.576923076923077,0.5862068965517242,0.6538461538461539,0.32432432432432434,0.7027027027027024,0.0,0.7708333333333333,0.2848835289478302,0.002157437606686241,0.7630840140901697
255,2016-07-22 18:00:00,0.5724039490285608,0.6521739130434783,0.576923076923077,0.5862068965517242,0.6538461538461539,0.32432432432432434,0.7027027027027024,0.0,0.75,0.5310088396072388,0.041395109421322074,7.231800111018558
256,2016-07-22 19:00:00,0.7827571212897939,0.6956521739130435,0.6153846153846154,0.6206896551724137,0.6923076923076924,0.3783783783783784,0.7027027027027024,0.0,0.6458333333333333,0.7136897444725037,0.06906737681729025,8.82360248648827
257,2016-07-22 20:00:00,0.6138042381851512,0.7391304347826086,0.6538461538461539,0.6551724137931034,0.7307692307692308,0.40540540540540543,0.7027027027027024,0.0,0.5625,0.5866222381591797,0.027182000025971487,4.4284477582528785
258,2016-07-22 21:00:00,0.5999627748244529,0.7826086956521738,0.6923076923076923,0.7241379310344827,0.8076923076923077,0.43243243243243246,0.7027027027027024,0.0,0.45833333333333326,0.5899267792701721,0.010035995554280808,1.6727697076234949
259,2016-07-22 22:00:00,0.4827446967909372,0.7826086956521738,0.7307692307692307,0.7241379310344827,0.8076923076923077,0.43243243243243246,0.7027027027027024,0.0,0.4166666666666665,0.49684080481529236,0.01409610802435518,2.9199923102334564
260,2016-07-22 23:00:00,0.47585499034196405,0.826086956521739,0.7307692307692307,0.7586206896551724,0.8461538461538461,0.40540540540540543,0.7027027027027024,0.0,0.375,0.49408015608787537,0.01822516574591132,3.829983107419795
